set_number,brothers_count,brothers_names,source_url,extraction_date
1,2,Hank Aaron;Tommie Aaron,https://www.baseball-almanac.com/family/fam1.shtml,2025-06-22T10:16:11.780138
2,2,Merito Acosta;Jose Acosta,https://www.baseball-almanac.com/family/fam1.shtml,2025-06-22T10:16:11.795972
3,2,Ronald Acuña Jr.;Luisangel Acuña,https://www.baseball-almanac.com/family/fam1.shtml,2025-06-22T10:16:11.811299
4,2,Bobby Adams;Dick Adams,https://www.baseball-almanac.com/family/fam1.shtml,2025-06-22T10:16:11.828126
5,3,Dick Allen;Hank Allen;Ron Allen,https://www.baseball-almanac.com/family/fam1.shtml,2025-06-22T10:16:11.848552
6,2,Blaze Alexander;CJ Alexander,https://www.baseball-almanac.com/family/fam1.shtml,2025-06-22T10:16:11.865557
7,2,Scott Alexander;Jason Alexander,https://www.baseball-almanac.com/family/fam1.shtml,2025-06-22T10:16:11.880548
8,2,Art Allison;Doug Allison,https://www.baseball-almanac.com/family/fam1.shtml,2025-06-22T10:16:11.911592
9,2,Héctor Almonte;Erick Almonte,https://www.baseball-almanac.com/family/fam1.shtml,2025-06-22T10:16:11.943031
10,2,"Roberto Alomar;Sandy Alomar, Jr.",https://www.baseball-almanac.com/family/fam1.shtml,2025-06-22T10:16:11.973894
11,3,Felipe Alou;Matty Alou;Jesus Alou,https://www.baseball-almanac.com/family/fam1.shtml,2025-06-22T10:16:11.997291
12,2,Kent Anderson;Mike Anderson,https://www.baseball-almanac.com/family/fam1.shtml,2025-06-22T10:16:12.013508
13,2,Rob Andrews;Mike Andrews,https://www.baseball-almanac.com/family/fam1.shtml,2025-06-22T10:16:12.029293
14,2,Orlando Arcia;Oswaldo Arcia,https://www.baseball-almanac.com/family/fam1.shtml,2025-06-22T10:16:12.046450
15,2,Joaquín Arias;Alberto Arias,https://www.baseball-almanac.com/family/fam1.shtml,2025-06-22T10:16:12.063489
16,2,Tony Armas;Marcos Armas,https://www.baseball-almanac.com/family/fam1.shtml,2025-06-22T10:16:12.085459
17,2,Bob Aspromonte;Ken Aspromonte,https://www.baseball-almanac.com/family/fam1.shtml,2025-06-22T10:16:12.106449
18,2,Erick Aybar;Willy Aybar,https://www.baseball-almanac.com/family/fam1.shtml,2025-06-22T10:16:12.125673
19,2,Ed Bailey;Jim Bailey,https://www.baseball-almanac.com/family/fam1.shtml,2025-06-22T10:16:12.143241
20,2,Dave Baker;Doug Baker,https://www.baseball-almanac.com/family/fam1.shtml,2025-06-22T10:16:12.160403
21,2,Chris Bando;Sal Bando,https://www.baseball-almanac.com/family/fam1.shtml,2025-06-22T10:16:12.177795
22,2,Jimmy Bannon;Tom Bannon,https://www.baseball-almanac.com/family/fam1.shtml,2025-06-22T10:16:12.195522
23,2,Daniel Bard;Luke Bard,https://www.baseball-almanac.com/family/fam1.shtml,2025-06-22T10:16:12.212743
24,2,Jesse Barnes;Virgil Barnes,https://www.baseball-almanac.com/family/fam1.shtml,2025-06-22T10:16:12.231094
25,2,Marty Barrett;Tom Barrett,https://www.baseball-almanac.com/family/fam1.shtml,2025-06-22T10:16:12.248455
26,2,Jim Baxes;Mike Baxes,https://www.baseball-almanac.com/family/fam1.shtml,2025-06-22T10:16:12.265139
27,2,Yorman Bazardo;Eduard Bazardo,https://www.baseball-almanac.com/family/fam1.shtml,2025-06-22T10:16:12.281956
28,2,Charlie Bell;Frank Bell,https://www.baseball-almanac.com/family/fam1.shtml,2025-06-22T10:16:12.299433
29,2,George Bell;Juan Bell,https://www.baseball-almanac.com/family/fam1.shtml,2025-06-22T10:16:12.321759
30,2,David Bell;Mike Bell,https://www.baseball-almanac.com/family/fam1.shtml,2025-06-22T10:16:12.344336
31,2,Alan Benes;Andy Benes,https://www.baseball-almanac.com/family/fam1.shtml,2025-06-22T10:16:12.362030
32,2,Dave Bennett;Dennis Bennett,https://www.baseball-almanac.com/family/fam1.shtml,2025-06-22T10:16:12.382766
33,2,Bill Bergen;Marty Bergen,https://www.baseball-almanac.com/family/fam1.shtml,2025-06-22T10:16:12.405873
34,2,Carson Bigbee;Lyle Bigbee,https://www.baseball-almanac.com/family/fam1.shtml,2025-06-22T10:16:12.424066
35,2,Homer Blankenship;Ted Blankenship,https://www.baseball-almanac.com/family/fam1.shtml,2025-06-22T10:16:12.440155
36,2,Ossie Bluege;Otto Bluege,https://www.baseball-almanac.com/family/fam1.shtml,2025-06-22T10:16:12.457283
37,2,Frank Bolling;Milt Bolling,https://www.baseball-almanac.com/family/fam1.shtml,2025-06-22T10:16:12.475401
38,2,Emilio Bonifacio;Jorge Bonifacio,https://www.baseball-almanac.com/family/fam1.shtml,2025-06-22T10:16:12.493787
39,2,Dan Boone;Ike Boone,https://www.baseball-almanac.com/family/fam1.shtml,2025-06-22T10:16:12.515335
40,2,Aaron Boone;Bret Boone,https://www.baseball-almanac.com/family/fam1.shtml,2025-06-22T10:16:12.535115
41,3,Clete Boyer;Ken Boyer;Cloyd Boyer,https://www.baseball-almanac.com/family/fam1.shtml,2025-06-22T10:16:12.563574
42,2,Buzz Boyle;Jim Boyle,https://www.baseball-almanac.com/family/fam1.shtml,2025-06-22T10:16:12.582831
43,2,Eddie Boyle;Jack Boyle,https://www.baseball-almanac.com/family/fam1.shtml,2025-06-22T10:16:12.610072
44,2,Kitty Brashear;Roy Brashear,https://www.baseball-almanac.com/family/fam1.shtml,2025-06-22T10:16:12.629743
45,2,Danny Breeden;Hal Breeden,https://www.baseball-almanac.com/family/fam1.shtml,2025-06-22T10:16:12.648578
46,2,George Brett;Ken Brett,https://www.baseball-almanac.com/family/fam1.shtml,2025-06-22T10:16:12.667622
47,2,Mike Brewer;Tony Brewer,https://www.baseball-almanac.com/family/fam1.shtml,2025-06-22T10:16:12.687167
48,2,Chuck Brinkman;Ed Brinkman,https://www.baseball-almanac.com/family/fam1.shtml,2025-06-22T10:16:12.707408
49,2,Jorge Brito;Juan Brito,https://www.baseball-almanac.com/family/fam1.shtml,2025-06-22T10:16:12.726363
50,2,Dick Brown;Larry Brown,https://www.baseball-almanac.com/family/fam1.shtml,2025-06-22T10:16:12.742785
51,2,Jackie Brown;Paul Brown,https://www.baseball-almanac.com/family/fam1.shtml,2025-06-22T10:16:12.761843
52,2,Oscar Brown;Ollie Brown,https://www.baseball-almanac.com/family/fam1.shtml,2025-06-22T10:16:12.780266
53,2,Curtis Brown;Leon Brown,https://www.baseball-almanac.com/family/fam1.shtml,2025-06-22T10:16:12.798135
54,2,Kirk Bullinger;Jim Bullinger,https://www.baseball-almanac.com/family/fam1.shtml,2025-06-22T10:16:12.817359
55,2,Nick Burdi;Zack Burdi,https://www.baseball-almanac.com/family/fam1.shtml,2025-06-22T10:16:12.836199
56,2,Rich Butler;Rob Butler,https://www.baseball-almanac.com/family/fam1.shtml,2025-06-22T10:16:12.852829
57,2,Jolbert Cabrera;Orlando Cabrera,https://www.baseball-almanac.com/family/fam1.shtml,2025-06-22T10:16:12.869049
58,2,Harry Camnitz;Howie Camnitz,https://www.baseball-almanac.com/family/fam1.shtml,2025-06-22T10:16:12.885302
59,2,Kid Camp;Lew Camp,https://www.baseball-almanac.com/family/fam1.shtml,2025-06-22T10:16:12.906583
60,2,Jose Canseco;Ozzie Canseco,https://www.baseball-almanac.com/family/fam1.shtml,2025-06-22T10:16:12.922829
61,2,Mike Cantwell;Tom Cantwell,https://www.baseball-almanac.com/family/fam1.shtml,2025-06-22T10:16:12.938801
62,2,Cleo Carlyle;Roy Carlyle,https://www.baseball-almanac.com/family/fam1.shtml,2025-06-22T10:16:12.956192
63,2,Dan Casey;Dennis Casey,https://www.baseball-almanac.com/family/fam1.shtml,2025-06-22T10:16:12.972809
64,2,Garin Cecchini;Gavin Cecchini,https://www.baseball-almanac.com/family/fam1.shtml,2025-06-22T10:16:12.989351
65,2,Andujar Cedeno;Domingo Cedeno,https://www.baseball-almanac.com/family/fam1.shtml,2025-06-22T10:16:13.005937
66,2,Jason Childers;Matt Childers,https://www.baseball-almanac.com/family/fam1.shtml,2025-06-22T10:16:13.022427
67,2,Dino Chiozza;Lou Chiozza,https://www.baseball-almanac.com/family/fam1.shtml,2025-06-22T10:16:13.039583
68,2,Loyd Christopher;Russ Christopher,https://www.baseball-almanac.com/family/fam1.shtml,2025-06-22T10:16:13.057197
69,2,Aaron Clapp;John Clapp,https://www.baseball-almanac.com/family/fam1.shtml,2025-06-22T10:16:13.074378
70,2,Jerald Clark;Phil Clark,https://www.baseball-almanac.com/family/fam1.shtml,2025-06-22T10:16:13.091925
71,2,Fred Clarke;Josh Clarke,https://www.baseball-almanac.com/family/fam1.shtml,2025-06-22T10:16:13.108710
72,2,Sumpter Clarke;Rufe Clarke,https://www.baseball-almanac.com/family/fam1.shtml,2025-06-22T10:16:13.125024
73,3,Dad Clarkson;John Clarkson;Walter Clarkson,https://www.baseball-almanac.com/family/fam1.shtml,2025-06-22T10:16:13.146427
74,2,Stan Cliburn;Stew Cliburn,https://www.baseball-almanac.com/family/fam1.shtml,2025-06-22T10:16:13.162104
75,2,Dick Coffman;Slick Coffman,https://www.baseball-almanac.com/family/fam1.shtml,2025-06-22T10:16:13.184558
76,2,Andy Cohen;Syd Cohen,https://www.baseball-almanac.com/family/fam1.shtml,2025-06-22T10:16:13.200938
77,2,Billy Conigliaro;Tony Conigliaro,https://www.baseball-almanac.com/family/fam1.shtml,2025-06-22T10:16:13.217166
78,2,Gene Connell;Joe Connell,https://www.baseball-almanac.com/family/fam1.shtml,2025-06-22T10:16:13.233076
79,2,Joe Connor;Roger Connor,https://www.baseball-almanac.com/family/fam1.shtml,2025-06-22T10:16:13.248903
80,2,Willson Contreras;William Contreras,https://www.baseball-almanac.com/family/fam1.shtml,2025-06-22T10:16:13.265820
81,2,Jim Conway;Pete Conway,https://www.baseball-almanac.com/family/fam1.shtml,2025-06-22T10:16:13.286293
82,2,Bill Conway;Dick Conway,https://www.baseball-almanac.com/family/fam1.shtml,2025-06-22T10:16:13.303515
83,2,Mike Coolbaugh;Scott Coolbaugh,https://www.baseball-almanac.com/family/fam1.shtml,2025-06-22T10:16:13.319150
84,2,Jimmy Cooney;Johnny Cooney,https://www.baseball-almanac.com/family/fam1.shtml,2025-06-22T10:16:13.334706
85,2,Mort Cooper;Walker Cooper,https://www.baseball-almanac.com/family/fam1.shtml,2025-06-22T10:16:13.350369
86,2,Joey Cora;Alex Cora,https://www.baseball-almanac.com/family/fam1.shtml,2025-06-22T10:16:13.366075
87,2,Larry Corcoran;Mike Corcoran,https://www.baseball-almanac.com/family/fam1.shtml,2025-06-22T10:16:13.382108
88,2,Joe Coscarart;Pete Coscarat,https://www.baseball-almanac.com/family/fam1.shtml,2025-06-22T10:16:13.398479
89,2,Harry Coveleski;Stan Coveleski,https://www.baseball-almanac.com/family/fam1.shtml,2025-06-22T10:16:13.414135
90,2,Sam Covington;Tex Covington,https://www.baseball-almanac.com/family/fam1.shtml,2025-06-22T10:16:13.429702
91,2,Cesar Crespo;Felipe Crespo,https://www.baseball-almanac.com/family/fam1.shtml,2025-06-22T10:16:13.445143
92,2,D.T. Cromer;Tripp Cromer,https://www.baseball-almanac.com/family/fam1.shtml,2025-06-22T10:16:13.460692
93,2,C.J. Cron;Kevin Cron,https://www.baseball-almanac.com/family/fam1.shtml,2025-06-22T10:16:13.476543
94,4,Amos Cross;Frank Cross;Joe Cross;Lave Cross,https://www.baseball-almanac.com/family/fam1.shtml,2025-06-22T10:16:13.502188
95,3,Hector Cruz;Jose Cruz;Tommy Cruz,https://www.baseball-almanac.com/family/fam1.shtml,2025-06-22T10:16:13.523013
96,2,Al Cuccinello;Tony Cuccinello,https://www.baseball-almanac.com/family/fam1.shtml,2025-06-22T10:16:13.538521
97,2,Chase d'Arnaud;Travis d'Arnaud,https://www.baseball-almanac.com/family/fam1.shtml,2025-06-22T10:16:13.553803
98,2,Joe Daly;Tom Daly,https://www.baseball-almanac.com/family/fam1.shtml,2025-06-22T10:16:13.569251
99,2,John Danks;Jordan Danks,https://www.baseball-almanac.com/family/fam1.shtml,2025-06-22T10:16:13.584674
100,2,Harry Danning;Ike Danning,https://www.baseball-almanac.com/family/fam1.shtml,2025-06-22T10:16:13.604971
101,2,Cliff Daringer;Rolla Daringer,https://www.baseball-almanac.com/family/fam1.shtml,2025-06-22T10:16:13.623180
102,2,Jeff Darwin;Danny Darwin,https://www.baseball-almanac.com/family/fam1.shtml,2025-06-22T10:16:13.801576
103,2,Vic Davalillo;Yo-Yo Davilillo,https://www.baseball-almanac.com/family/fam1.shtml,2025-06-22T10:16:13.819416
104,2,Claude Davenport;Dave Davenport,https://www.baseball-almanac.com/family/fam1.shtml,2025-06-22T10:16:13.837378
105,2,Mark Davis;Mike Davis,https://www.baseball-almanac.com/family/fam1.shtml,2025-06-22T10:16:13.854238
106,2,Dizzy Dean;Paul Dean,https://www.baseball-almanac.com/family/fam1.shtml,2025-06-22T10:16:13.869970
107,2,John Deasley;Pat Deasley,https://www.baseball-almanac.com/family/fam1.shtml,2025-06-22T10:16:13.885147
108,5,Ed Delahanty;Frank Delahanty;Jim Delahanty;Joe Delahanty;Tom Delahanty,https://www.baseball-almanac.com/family/fam1.shtml,2025-06-22T10:16:13.919517
109,2,Gene Demontreville;Lee Demontreville,https://www.baseball-almanac.com/family/fam1.shtml,2025-06-22T10:16:13.935225
110,2,Jorge de Paula;Julio de Paula,https://www.baseball-almanac.com/family/fam1.shtml,2025-06-22T10:16:13.951012
111,2,Edwin Díaz;Alexis Díaz,https://www.baseball-almanac.com/family/fam1.shtml,2025-06-22T10:16:13.970649
112,2,Bill Dickey;George Dickey,https://www.baseball-almanac.com/family/fam1.shtml,2025-06-22T10:16:13.988224
113,3,Vince DiMaggio;Joe DiMaggio;Dom DiMaggio,https://www.baseball-almanac.com/family/fam1.shtml,2025-06-22T10:16:14.008932
114,2,Jiggs Donahue;Pat Donahue,https://www.baseball-almanac.com/family/fam1.shtml,2025-06-22T10:16:14.024575
115,2,Jerry Donovan;Tom Donovan,https://www.baseball-almanac.com/family/fam1.shtml,2025-06-22T10:16:14.039658
116,2,Jerry Dorgan;Mike Dorgan,https://www.baseball-almanac.com/family/fam1.shtml,2025-06-22T10:16:14.056178
117,2,Kelly Downs;Dave Downs,https://www.baseball-almanac.com/family/fam1.shtml,2025-06-22T10:16:14.071471
118,2,Brian Doyle;Denny Doyle,https://www.baseball-almanac.com/family/fam1.shtml,2025-06-22T10:16:14.086979
119,2,Sammy Drake;Solly Drake,https://www.baseball-almanac.com/family/fam1.shtml,2025-06-22T10:16:14.104274
120,3,J.D. Drew;Stephen Drew;Tim Drew,https://www.baseball-almanac.com/family/fam1.shtml,2025-06-22T10:16:14.125923
121,2,Bill Dugan;Ed Dugan,https://www.baseball-almanac.com/family/fam1.shtml,2025-06-22T10:16:14.145457
122,2,Chris Duncan;Shelley Duncan,https://www.baseball-almanac.com/family/fam1.shtml,2025-06-22T10:16:14.161882
123,2,Jake Dunning;Dane Dunning,https://www.baseball-almanac.com/family/fam1.shtml,2025-06-22T10:16:14.177472
124,3,Dave Edwards;Marshall Edwards;Mike Edwards,https://www.baseball-almanac.com/family/fam1.shtml,2025-06-22T10:16:14.198622
125,2,Jewel Ens;Mutz Ens,https://www.baseball-almanac.com/family/fam1.shtml,2025-06-22T10:16:14.214236
126,2,Eddie Erautt;Joe Erautt,https://www.baseball-almanac.com/family/fam1.shtml,2025-06-22T10:16:14.232383
127,2,Joe Evers;Johnny Evers,https://www.baseball-almanac.com/family/fam1.shtml,2025-06-22T10:16:14.248634
128,2,Buck Ewing;John Ewing,https://www.baseball-almanac.com/family/fam1.shtml,2025-06-22T10:16:14.264921
129,2,Scott Eyre;Willie Eyre,https://www.baseball-almanac.com/family/fam1.shtml,2025-06-22T10:16:14.281842
130,2,Bibb Falk;Chet Falk,https://www.baseball-almanac.com/family/fam1.shtml,2025-06-22T10:16:14.299283
131,2,Mike Farmer;Howard Farmer,https://www.baseball-almanac.com/family/fam1.shtml,2025-06-22T10:16:14.318517
132,2,Rick Ferrell;Wes Ferrell,https://www.baseball-almanac.com/family/fam1.shtml,2025-06-22T10:16:14.336141
133,2,Cy Ferry;Jack Ferry,https://www.baseball-almanac.com/family/fam1.shtml,2025-06-22T10:16:14.353205
134,2,Hal Finney;Lou Finney,https://www.baseball-almanac.com/family/fam1.shtml,2025-06-22T10:16:14.369372
135,2,Bob Fisher;Newt Fisher,https://www.baseball-almanac.com/family/fam1.shtml,2025-06-22T10:16:14.385141
136,2,Chauncey Fisher;Tom Fisher,https://www.baseball-almanac.com/family/fam1.shtml,2025-06-22T10:16:14.400685
137,2,David Fletcher;Dominic Fletcher,https://www.baseball-almanac.com/family/fam1.shtml,2025-06-22T10:16:14.416637
138,2,Jim Fogarty;John Fogarty,https://www.baseball-almanac.com/family/fam1.shtml,2025-06-22T10:16:14.432219
139,2,Gene Ford;Russ Ford,https://www.baseball-almanac.com/family/fam1.shtml,2025-06-22T10:16:14.447993
140,2,Brownie Foreman;Frank Foreman,https://www.baseball-almanac.com/family/fam1.shtml,2025-06-22T10:16:14.463610
141,2,Bob Forsch;Ken Forsch,https://www.baseball-almanac.com/family/fam1.shtml,2025-06-22T10:16:14.479348
142,2,Dave Foutz;Frank Foutz,https://www.baseball-almanac.com/family/fam1.shtml,2025-06-22T10:16:14.495181
143,2,Art Fowler;Jesse Fowler,https://www.baseball-almanac.com/family/fam1.shtml,2025-06-22T10:16:14.510533
144,2,Jeff Frazier;Todd Frazier,https://www.baseball-almanac.com/family/fam1.shtml,2025-06-22T10:16:14.525960
145,2,Gene Freese;George Freese,https://www.baseball-almanac.com/family/fam1.shtml,2025-06-22T10:16:14.541352
146,2,Bill Friel;Pat Friel,https://www.baseball-almanac.com/family/fam1.shtml,2025-06-22T10:16:14.556681
147,2,Harry Fuller;Shorty Fuller,https://www.baseball-almanac.com/family/fam1.shtml,2025-06-22T10:16:14.573919
148,2,Phil Gagliano;Ralph Gagliano,https://www.baseball-almanac.com/family/fam1.shtml,2025-06-22T10:16:14.592262
149,2,Ben Gamel;Mat Gamel,https://www.baseball-almanac.com/family/fam1.shtml,2025-06-22T10:16:14.610373
150,2,Charlie Ganzel;John Ganzel,https://www.baseball-almanac.com/family/fam1.shtml,2025-06-22T10:16:14.628456
151,2,Bob Garbark;Mike Garbark,https://www.baseball-almanac.com/family/fam1.shtml,2025-06-22T10:16:14.644071
152,2,Adonis Garcia;Adolis Garcia,https://www.baseball-almanac.com/family/fam1.shtml,2025-06-22T10:16:14.665601
153,2,Al Gardella;Danny Gardella,https://www.baseball-almanac.com/family/fam1.shtml,2025-06-22T10:16:14.681497
154,2,Adrian Garrett;Wayne Garrett,https://www.baseball-almanac.com/family/fam1.shtml,2025-06-22T10:16:14.697011
155,2,Alex Gaston;Milt Gaston,https://www.baseball-almanac.com/family/fam1.shtml,2025-06-22T10:16:14.712265
156,2,Bill Geiss;Emil Geiss,https://www.baseball-almanac.com/family/fam1.shtml,2025-06-22T10:16:14.730367
157,2,Harvey Gentry;Rufe Gentry,https://www.baseball-almanac.com/family/fam1.shtml,2025-06-22T10:16:14.751512
158,2,Jason Giambi;Jeremy Giambi,https://www.baseball-almanac.com/family/fam1.shtml,2025-06-22T10:16:14.767430
159,2,Harry Gilbert;John Gilbert,https://www.baseball-almanac.com/family/fam1.shtml,2025-06-22T10:16:14.783903
160,2,Charlie Gilbert;Tookie Gilbert,https://www.baseball-almanac.com/family/fam1.shtml,2025-06-22T10:16:14.799688
161,2,Brian Giles;Marcus Giles,https://www.baseball-almanac.com/family/fam1.shtml,2025-06-22T10:16:14.815807
162,2,Mike Glavine;Tom Glavine,https://www.baseball-almanac.com/family/fam1.shtml,2025-06-22T10:16:14.832638
163,2,Bill Gleason;Jack Gleason,https://www.baseball-almanac.com/family/fam1.shtml,2025-06-22T10:16:14.849942
164,2,Harry Gleason;Kid Gleason,https://www.baseball-almanac.com/family/fam1.shtml,2025-06-22T10:16:14.869678
165,2,Erik Goeddel;Tyler Goeddel,https://www.baseball-almanac.com/family/fam1.shtml,2025-06-22T10:16:14.892935
166,2,Adrian Gonzalez;Edgar Gonzalez,https://www.baseball-almanac.com/family/fam1.shtml,2025-06-22T10:16:14.913853
167,2,Dee Strange-Gordon;Nick Gordon,https://www.baseball-almanac.com/family/fam1.shtml,2025-06-22T10:16:14.937300
168,2,Al Grabowski;Reggie Grabowski,https://www.baseball-almanac.com/family/fam1.shtml,2025-06-22T10:16:14.959201
169,2,Joe Graves;Sid Graves,https://www.baseball-almanac.com/family/fam1.shtml,2025-06-22T10:16:14.980939
170,2,Dave Gregg;Vean Gregg,https://www.baseball-almanac.com/family/fam1.shtml,2025-06-22T10:16:14.998901
171,2,Ray Grimes;Roy Grimes,https://www.baseball-almanac.com/family/fam1.shtml,2025-06-22T10:16:15.016336
172,2,Lee Grissom;Marv Grissom,https://www.baseball-almanac.com/family/fam1.shtml,2025-06-22T10:16:15.041950
173,2,Heinie Groh;Lew Groh,https://www.baseball-almanac.com/family/fam1.shtml,2025-06-22T10:16:15.059083
174,2,Vladimir Guerrero;Wilton Guerrero,https://www.baseball-almanac.com/family/fam1.shtml,2025-06-22T10:16:15.077116
175,2,Ad Gumbert;Billy Gumbert,https://www.baseball-almanac.com/family/fam1.shtml,2025-06-22T10:16:15.095961
176,2,Yuli Gurriel;Lourdes Gurriel Jr.,https://www.baseball-almanac.com/family/fam1.shtml,2025-06-22T10:16:15.113357
177,2,Chris Gwynn;Tony Gwynn,https://www.baseball-almanac.com/family/fam1.shtml,2025-06-22T10:16:15.130647
178,2,Mert Hackett;Walter Hackett,https://www.baseball-almanac.com/family/fam1.shtml,2025-06-22T10:16:15.149183
179,2,Bud Hafey;Tom Hafey,https://www.baseball-almanac.com/family/fam1.shtml,2025-06-22T10:16:15.167165
180,2,Jerry Hairston;Johnny Hairston,https://www.baseball-almanac.com/family/fam1.shtml,2025-06-22T10:16:15.184956
181,2,"Jerry Hairston, Jr.;Scott Hairston",https://www.baseball-almanac.com/family/fam1.shtml,2025-06-22T10:16:15.201961
182,2,Garvin Hamner;Granny Hamner,https://www.baseball-almanac.com/family/fam1.shtml,2025-06-22T10:16:15.218913
183,2,Chris Hammond;Steve Hammond,https://www.baseball-almanac.com/family/fam1.shtml,2025-06-22T10:16:15.236228
184,2,Gene Handley;Lee Handley,https://www.baseball-almanac.com/family/fam1.shtml,2025-06-22T10:16:15.252817
185,2,Bubbles Hargrave;Pinky Hargrave,https://www.baseball-almanac.com/family/fam1.shtml,2025-06-22T10:16:15.268878
186,2,Gil Hatfield;John Hatfield,https://www.baseball-almanac.com/family/fam1.shtml,2025-06-22T10:16:15.284694
187,2,Ray Hayworth;Red Hayworth,https://www.baseball-almanac.com/family/fam1.shtml,2025-06-22T10:16:15.300450
188,2,Scott Heineman;Tyler Heineman,https://www.baseball-almanac.com/family/fam1.shtml,2025-06-22T10:16:15.316031
189,2,Charlie Hemphill;Frank Hemphill,https://www.baseball-almanac.com/family/fam1.shtml,2025-06-22T10:16:15.331438
190,2,Livan Hernandez;Orlando Hernandez,https://www.baseball-almanac.com/family/fam1.shtml,2025-06-22T10:16:15.347009
191,2,Manny Hernández;Pedro Hernández,https://www.baseball-almanac.com/family/fam1.shtml,2025-06-22T10:16:15.362659
192,2,Joe Heving;Johnnie Heving,https://www.baseball-almanac.com/family/fam1.shtml,2025-06-22T10:16:15.378490
193,3,Andy High;Charlie High;Hugh High,https://www.baseball-almanac.com/family/fam1.shtml,2025-06-22T10:16:15.400178
194,2,Bill Hill;Hugh Hill,https://www.baseball-almanac.com/family/fam1.shtml,2025-06-22T10:16:15.417834
195,2,Bill Hinchman;Harry Hinchman,https://www.baseball-almanac.com/family/fam1.shtml,2025-06-22T10:16:15.439245
196,2,Billy Hitchcock;Jim Hitchcock,https://www.baseball-almanac.com/family/fam1.shtml,2025-06-22T10:16:15.456784
197,2,Glenn Hoffman;Trevor Hoffman,https://www.baseball-almanac.com/family/fam1.shtml,2025-06-22T10:16:15.479783
198,2,George Hogan;Harry Hogan,https://www.baseball-almanac.com/family/fam1.shtml,2025-06-22T10:16:15.501607
199,2,Aaron Holbert;Ray Holbert,https://www.baseball-almanac.com/family/fam1.shtml,2025-06-22T10:16:15.520156
200,2,Brad Holman;Brian Holman,https://www.baseball-almanac.com/family/fam1.shtml,2025-06-22T10:16:15.537240
201,2,Del Howard;Ivan Howard,https://www.baseball-almanac.com/family/fam1.shtml,2025-06-22T10:16:15.553741
202,2,Ed Hughes;Tom Hughes,https://www.baseball-almanac.com/family/fam1.shtml,2025-06-22T10:16:15.570207
203,2,Bill Hunter;George Hunter,https://www.baseball-almanac.com/family/fam1.shtml,2025-06-22T10:16:15.587144
204,2,Gary Ignasiak;Mike Ignasiak,https://www.baseball-almanac.com/family/fam1.shtml,2025-06-22T10:16:15.603126
205,2,Dane Iorg;Garth Iorg,https://www.baseball-almanac.com/family/fam1.shtml,2025-06-22T10:16:15.619144
206,2,Arthur Irwin;John Irwin,https://www.baseball-almanac.com/family/fam1.shtml,2025-06-22T10:16:15.635685
207,2,Cesar Izturis;Maicer Izturis,https://www.baseball-almanac.com/family/fam1.shtml,2025-06-22T10:16:15.652546
208,2,Brett Jackson;Drew Jackson,https://www.baseball-almanac.com/family/fam1.shtml,2025-06-22T10:16:15.671941
209,2,George Jeffcoat;Hal Jeffcoat,https://www.baseball-almanac.com/family/fam1.shtml,2025-06-22T10:16:15.696604
210,2,Elvio Jimenez;Manny Jimenez,https://www.baseball-almanac.com/family/fam1.shtml,2025-06-22T10:16:15.719305
211,2,A.J. Jimenez;Joe Jimenez,https://www.baseball-almanac.com/family/fam1.shtml,2025-06-22T10:16:15.742394
212,2,Bob Johnson;Roy Johnson,https://www.baseball-almanac.com/family/fam1.shtml,2025-06-22T10:16:15.765277
213,2,Chet Johnson;Earl Johnson,https://www.baseball-almanac.com/family/fam1.shtml,2025-06-22T10:16:15.787740
214,2,Doc Johnston;Jimmy Johnston,https://www.baseball-almanac.com/family/fam1.shtml,2025-06-22T10:16:15.809677
215,2,Darryl Jones;Lynn Jones,https://www.baseball-almanac.com/family/fam1.shtml,2025-06-22T10:16:15.832020
216,2,Gary Jones;Steve Jones,https://www.baseball-almanac.com/family/fam1.shtml,2025-06-22T10:16:15.852435
217,2,Bubber Jonnard;Claude Jonnard,https://www.baseball-almanac.com/family/fam1.shtml,2025-06-22T10:16:15.872852
218,2,Art Jorgens;Orville Jorgens,https://www.baseball-almanac.com/family/fam1.shtml,2025-06-22T10:16:15.891699
219,2,Caleb Joseph;Corban Joseph,https://www.baseball-almanac.com/family/fam1.shtml,2025-06-22T10:16:15.909521
220,2,Josh Jung;Jace Jung,https://www.baseball-almanac.com/family/fam1.shtml,2025-06-22T10:16:15.928244
221,2,Herb Juul;Harry Juul,https://www.baseball-almanac.com/family/fam1.shtml,2025-06-22T10:16:15.947302
222,2,Heinie Kappel;Joe Kappel,https://www.baseball-almanac.com/family/fam1.shtml,2025-06-22T10:16:15.966482
223,2,George Kell;Skeeter Kell,https://www.baseball-almanac.com/family/fam1.shtml,2025-06-22T10:16:15.983780
224,2,Charlie Keller;Hal Keller,https://www.baseball-almanac.com/family/fam1.shtml,2025-06-22T10:16:16.000237
225,2,Alex Kellner;Walt Kellner,https://www.baseball-almanac.com/family/fam1.shtml,2025-06-22T10:16:16.017144
226,2,George Kelly;Ren Kelly,https://www.baseball-almanac.com/family/fam1.shtml,2025-06-22T10:16:16.033564
227,2,Jim Kennedy;Junior Kennedy,https://www.baseball-almanac.com/family/fam1.shtml,2025-06-22T10:16:16.049899
228,2,Marty Keough;Joe Keough,https://www.baseball-almanac.com/family/fam1.shtml,2025-06-22T10:16:16.066153
229,2,Carter Kieboom;Spencer Kieboom,https://www.baseball-almanac.com/family/fam1.shtml,2025-06-22T10:16:16.082962
230,2,Steve Kiefer;Mark Kiefer,https://www.baseball-almanac.com/family/fam1.shtml,2025-06-22T10:16:16.099441
231,2,Bill Killefer;Red Killefer,https://www.baseball-almanac.com/family/fam1.shtml,2025-06-22T10:16:16.116489
232,2,Matt Kilroy;Mike Kilroy,https://www.baseball-almanac.com/family/fam1.shtml,2025-06-22T10:16:16.139067
233,2,Billy Klaus;Bobby Klaus,https://www.baseball-almanac.com/family/fam1.shtml,2025-06-22T10:16:16.156448
234,2,Bill Kling;Johnny Kling,https://www.baseball-almanac.com/family/fam1.shtml,2025-06-22T10:16:16.174481
235,2,Mike Knode;Ray Knode,https://www.baseball-almanac.com/family/fam1.shtml,2025-06-22T10:16:16.191941
236,2,Fritz Knothe;George Knothe,https://www.baseball-almanac.com/family/fam1.shtml,2025-06-22T10:16:16.208469
237,2,Larry Kopf;Wally Kopf,https://www.baseball-almanac.com/family/fam1.shtml,2025-06-22T10:16:16.224669
238,2,Mike Krsnich;Rocky Krsnich,https://www.baseball-almanac.com/family/fam1.shtml,2025-06-22T10:16:16.241247
239,2,Marcel Lachemann;Rene Lachemann,https://www.baseball-almanac.com/family/fam1.shtml,2025-06-22T10:16:16.259701
240,2,Brandon Laird;Gerald Laird,https://www.baseball-almanac.com/family/fam1.shtml,2025-06-22T10:16:16.276881
241,2,Peter Lambert;Jimmy Lambert,https://www.baseball-almanac.com/family/fam1.shtml,2025-06-22T10:16:16.292819
242,2,Johnny Lanning;Tom Lanning,https://www.baseball-almanac.com/family/fam1.shtml,2025-06-22T10:16:16.308546
243,2,Carney Lansford;Jody Lansford,https://www.baseball-almanac.com/family/fam1.shtml,2025-06-22T10:16:16.324107
244,2,Barry Larkin;Steve Larkin,https://www.baseball-almanac.com/family/fam1.shtml,2025-06-22T10:16:16.339859
245,2,Adam LaRoche;Andy LaRoche,https://www.baseball-almanac.com/family/fam1.shtml,2025-06-22T10:16:16.355597
246,2,Al Lary;Frank Lary,https://www.baseball-almanac.com/family/fam1.shtml,2025-06-22T10:16:16.371467
247,2,Matt Lawton;Marcus Lawton,https://www.baseball-almanac.com/family/fam1.shtml,2025-06-22T10:16:16.387398
248,2,Al Leiter;Mark Leiter,https://www.baseball-almanac.com/family/fam1.shtml,2025-06-22T10:16:16.403054
249,2,Bill Lelivelt;Jack Lelivelt,https://www.baseball-almanac.com/family/fam1.shtml,2025-06-22T10:16:16.418455
250,2,Bill Lillard;Gene Lillard,https://www.baseball-almanac.com/family/fam1.shtml,2025-06-22T10:16:16.434093
251,2,Frank Lobert;Hans Lobert,https://www.baseball-almanac.com/family/fam1.shtml,2025-06-22T10:16:16.449758
252,2,Bruce Look;Dean Look,https://www.baseball-almanac.com/family/fam1.shtml,2025-06-22T10:16:16.465278
253,2,Tim Lopes;Christian Lopes,https://www.baseball-almanac.com/family/fam1.shtml,2025-06-22T10:16:16.481658
254,2,Grover Lowdermilk;Lou Lowdermilk,https://www.baseball-almanac.com/family/fam1.shtml,2025-06-22T10:16:16.498800
255,2,Nathaniel Lowe;Josh Lowe,https://www.baseball-almanac.com/family/fam1.shtml,2025-06-22T10:16:16.514472
256,2,Eric Ludwick;Ryan Ludwick,https://www.baseball-almanac.com/family/fam1.shtml,2025-06-22T10:16:16.530507
257,2,Julio Lugo;Ruddy Lugo,https://www.baseball-almanac.com/family/fam1.shtml,2025-06-22T10:16:16.546361
258,2,Billy Lush;Ernie Lush,https://www.baseball-almanac.com/family/fam1.shtml,2025-06-22T10:16:16.562035
259,2,Quinn Mack;Shane Mack,https://www.baseball-almanac.com/family/fam1.shtml,2025-06-22T10:16:16.579170
260,2,Greg Maddux;Mike Maddux,https://www.baseball-almanac.com/family/fam1.shtml,2025-06-22T10:16:16.597129
261,2,Greg Mahle;Tyler Mahle,https://www.baseball-almanac.com/family/fam1.shtml,2025-06-22T10:16:16.613082
262,2,Mickey Mahler;Rick Mahler,https://www.baseball-almanac.com/family/fam1.shtml,2025-06-22T10:16:16.628877
263,2,Fritz Maisel;George Maisel,https://www.baseball-almanac.com/family/fam1.shtml,2025-06-22T10:16:16.644529
264,2,Frank Mancuso;Gus Mancuso,https://www.baseball-almanac.com/family/fam1.shtml,2025-06-22T10:16:16.660358
265,2,Angel Mangual;Pepe Mangual,https://www.baseball-almanac.com/family/fam1.shtml,2025-06-22T10:16:16.675830
266,3,John Mansell;Mike Mansell;Tom Mansell,https://www.baseball-almanac.com/family/fam1.shtml,2025-06-22T10:16:16.696923
267,2,Frank Manush;Heinie Manush,https://www.baseball-almanac.com/family/fam1.shtml,2025-06-22T10:16:16.712910
268,2,Josias Manzanillo;Ravelo Manzanillo,https://www.baseball-almanac.com/family/fam1.shtml,2025-06-22T10:16:16.728457
269,2,Marty Marion;Red Marion,https://www.baseball-almanac.com/family/fam1.shtml,2025-06-22T10:16:16.744075
270,2,Pedro Martinez;Ramon Martinez,https://www.baseball-almanac.com/family/fam1.shtml,2025-06-22T10:16:16.759723
271,2,Harry Maskrey;Leech Maskrey,https://www.baseball-almanac.com/family/fam1.shtml,2025-06-22T10:16:16.775479
272,2,Christy Mathewson;Henry Mathewson,https://www.baseball-almanac.com/family/fam1.shtml,2025-06-22T10:16:16.790851
273,2,Phil Maton;Nick Maton,https://www.baseball-almanac.com/family/fam1.shtml,2025-06-22T10:16:16.806341
274,2,Cloy Mattox;Jim Mattox,https://www.baseball-almanac.com/family/fam1.shtml,2025-06-22T10:16:16.821983
275,2,Carlos May;Lee May,https://www.baseball-almanac.com/family/fam1.shtml,2025-06-22T10:16:16.837673
276,2,Erskine Mayer;Sam Mayer,https://www.baseball-almanac.com/family/fam1.shtml,2025-06-22T10:16:16.853357
277,2,Joe McCarthy;Jake McCarthy,https://www.baseball-almanac.com/family/fam1.shtml,2025-06-22T10:16:16.869527
278,2,Lindy McDaniel;Von McDaniel,https://www.baseball-almanac.com/family/fam1.shtml,2025-06-22T10:16:16.885294
279,2,Darnell McDonald;Donzell McDonald,https://www.baseball-almanac.com/family/fam1.shtml,2025-06-22T10:16:16.901354
280,2,Alex McFarlan;Dan McFarlan,https://www.baseball-almanac.com/family/fam1.shtml,2025-06-22T10:16:16.917060
281,2,Monte McFarland;Chappie McFarland,https://www.baseball-almanac.com/family/fam1.shtml,2025-06-22T10:16:16.932594
282,2,Conny McGeehan;Dan McGeehan,https://www.baseball-almanac.com/family/fam1.shtml,2025-06-22T10:16:16.948294
283,2,Barney McLaughlin;Frank McLaughlin,https://www.baseball-almanac.com/family/fam1.shtml,2025-06-22T10:16:16.965648
284,2,Austin Meadows;Parker Meadows,https://www.baseball-almanac.com/family/fam1.shtml,2025-06-22T10:16:16.981808
285,2,Trevor Megill;Tylor Megill,https://www.baseball-almanac.com/family/fam1.shtml,2025-06-22T10:16:16.997593
286,2,Bob Meusel;Irish Meusel,https://www.baseball-almanac.com/family/fam1.shtml,2025-06-22T10:16:17.013394
287,2,Clyde Milan;Horace Milan,https://www.baseball-almanac.com/family/fam1.shtml,2025-06-22T10:16:17.028994
288,2,Jake Miller;Russ Miller,https://www.baseball-almanac.com/family/fam1.shtml,2025-06-22T10:16:17.044518
289,2,Bing Miller;Ralph Miller,https://www.baseball-almanac.com/family/fam1.shtml,2025-06-22T10:16:17.059763
290,2,Damon Minor;Ryan Minor,https://www.baseball-almanac.com/family/fam1.shtml,2025-06-22T10:16:17.075250
291,2,John Mitchell;Charlie Mitchell,https://www.baseball-almanac.com/family/fam1.shtml,2025-06-22T10:16:17.090965
292,2,Joe Moffett;Sam Moffett,https://www.baseball-almanac.com/family/fam1.shtml,2025-06-22T10:16:17.109093
293,3,Bengie Molina;Jose Molina;Yadier Molina,https://www.baseball-almanac.com/family/fam1.shtml,2025-06-22T10:16:17.131750
294,2,Colin Moran;Brian Moran,https://www.baseball-almanac.com/family/fam1.shtml,2025-06-22T10:16:17.147379
295,2,Bill Moriarty;George Moriarty,https://www.baseball-almanac.com/family/fam1.shtml,2025-06-22T10:16:17.162847
296,2,Johnny Morrison;Phil Morrison,https://www.baseball-almanac.com/family/fam1.shtml,2025-06-22T10:16:17.178483
297,2,John Morrissey;Tom Morrissey,https://www.baseball-almanac.com/family/fam1.shtml,2025-06-22T10:16:17.194024
298,2,Andy Mota;Jose Mota,https://www.baseball-almanac.com/family/fam1.shtml,2025-06-22T10:16:17.209261
299,2,Eddie Murray;Rich Murray,https://www.baseball-almanac.com/family/fam1.shtml,2025-06-22T10:16:17.224736
300,2,Billy Myers;Lynn Myers,https://www.baseball-almanac.com/family/fam1.shtml,2025-06-22T10:16:17.240350
301,2,Josh Naylor;Bo Naylor,https://www.baseball-almanac.com/family/fam1.shtml,2025-06-22T10:16:17.256244
302,2,Graig Nettles;Jim Nettles,https://www.baseball-almanac.com/family/fam1.shtml,2025-06-22T10:16:17.271746
303,2,Floyd Newkirk;Joel Newkirk,https://www.baseball-almanac.com/family/fam1.shtml,2025-06-22T10:16:17.287240
304,2,Phil Niekro;Joe Niekro,https://www.baseball-almanac.com/family/fam1.shtml,2025-06-22T10:16:17.302971
305,2,Melvin Nieves;Wilbert Nieves,https://www.baseball-almanac.com/family/fam1.shtml,2025-06-22T10:16:17.318402
306,2,Jayson Nix;Laynce Nix,https://www.baseball-almanac.com/family/fam1.shtml,2025-06-22T10:16:17.333916
307,2,Otis Nixon;Donell Nixon,https://www.baseball-almanac.com/family/fam1.shtml,2025-06-22T10:16:17.349728
308,2,Aaron Nola;Austin Nola,https://www.baseball-almanac.com/family/fam1.shtml,2025-06-22T10:16:17.365517
309,2,Chris Nyman;Nyls Nyman,https://www.baseball-almanac.com/family/fam1.shtml,2025-06-22T10:16:17.381648
310,2,Eddie O'Brien;Johnny O'Brien,https://www.baseball-almanac.com/family/fam1.shtml,2025-06-22T10:16:17.397550
311,2,Curly Ogden;Jack Ogden,https://www.baseball-almanac.com/family/fam1.shtml,2025-06-22T10:16:17.413179
312,2,Chi-Chi Olivo;Diomedes Olivo,https://www.baseball-almanac.com/family/fam1.shtml,2025-06-22T10:16:17.428637
313,4,Jack O'Neill;Jim O'Neill;Mike O'Neill;Steve O'Neill,https://www.baseball-almanac.com/family/fam1.shtml,2025-06-22T10:16:17.454510
314,2,Eddie Onslow;Jack Onslow,https://www.baseball-almanac.com/family/fam1.shtml,2025-06-22T10:16:17.470310
315,2,Jim O'Rourke;John O'Rourke,https://www.baseball-almanac.com/family/fam1.shtml,2025-06-22T10:16:17.485879
316,2,Baby Ortiz;Roberto Ortiz,https://www.baseball-almanac.com/family/fam1.shtml,2025-06-22T10:16:17.501394
317,2,Alejandro Osuna;Roberto Osuna,https://www.baseball-almanac.com/family/fam1.shtml,2025-06-22T10:16:17.516929
318,2,Dennis O'Toole;Jim O'Toole,https://www.baseball-almanac.com/family/fam1.shtml,2025-06-22T10:16:17.532508
319,2,Dave Owen;Spike Owen,https://www.baseball-almanac.com/family/fam1.shtml,2025-06-22T10:16:17.548331
320,3,John Paciorek;Tom Paciorek;Jim Paciorek,https://www.baseball-almanac.com/family/fam1.shtml,2025-06-22T10:16:17.573498
321,2,Josh Palacios;Richie Palacios,https://www.baseball-almanac.com/family/fam1.shtml,2025-06-22T10:16:17.592387
322,2,Jay Parker;Doc Parker,https://www.baseball-almanac.com/family/fam1.shtml,2025-06-22T10:16:17.620656
323,2,Jiggs Parrott;Tom Parrott,https://www.baseball-almanac.com/family/fam1.shtml,2025-06-22T10:16:17.640731
324,2,Camilo Pascual;Carlos Pascual,https://www.baseball-almanac.com/family/fam1.shtml,2025-06-22T10:16:17.660224
325,2,Corey Patterson;Eric Patterson,https://www.baseball-almanac.com/family/fam1.shtml,2025-06-22T10:16:17.680699
326,2,Ham Patterson;Pat Patterson,https://www.baseball-almanac.com/family/fam1.shtml,2025-06-22T10:16:17.703482
327,2,Heinie Peitz;Joe Peitz,https://www.baseball-almanac.com/family/fam1.shtml,2025-06-22T10:16:17.723555
328,2,Francisco Pena;Tony Pena,https://www.baseball-almanac.com/family/fam1.shtml,2025-06-22T10:16:17.740492
329,2,Ramon Pena;Tony Pena,https://www.baseball-almanac.com/family/fam1.shtml,2025-06-22T10:16:17.756895
330,2,Henry Peploski;Pepper Peploski,https://www.baseball-almanac.com/family/fam1.shtml,2025-06-22T10:16:17.773472
331,2,Freddy Peralta;Luis Peralta,https://www.baseball-almanac.com/family/fam1.shtml,2025-06-22T10:16:17.789890
332,3,Pascual Perez;Melido Perez;Carlos Perez,https://www.baseball-almanac.com/family/fam1.shtml,2025-06-22T10:16:17.811730
333,2,Carlos Perez;Carlos Perez,https://www.baseball-almanac.com/family/fam1.shtml,2025-06-22T10:16:17.827902
334,2,Chan Perry;Herb Perry,https://www.baseball-almanac.com/family/fam1.shtml,2025-06-22T10:16:17.844250
335,2,Gaylord Perry;Jim Perry,https://www.baseball-almanac.com/family/fam1.shtml,2025-06-22T10:16:17.860552
336,2,Big Jeff Pfeffer;Jeff Pfeffer,https://www.baseball-almanac.com/family/fam1.shtml,2025-06-22T10:16:17.877279
337,2,Bill Phillips;Barney Wolfe,https://www.baseball-almanac.com/family/fam1.shtml,2025-06-22T10:16:17.893205
338,2,Jason Phillips;Kyle Phillips,https://www.baseball-almanac.com/family/fam1.shtml,2025-06-22T10:16:17.909587
339,2,Dave Pierson;Dick Pierson,https://www.baseball-almanac.com/family/fam1.shtml,2025-06-22T10:16:17.926630
340,2,Jay Pike;Lip Pike,https://www.baseball-almanac.com/family/fam1.shtml,2025-06-22T10:16:17.943341
341,2,Brett Pill;Tyler Pill,https://www.baseball-almanac.com/family/fam1.shtml,2025-06-22T10:16:17.960370
342,2,Ed Pipgras;George Pipgras,https://www.baseball-almanac.com/family/fam1.shtml,2025-06-22T10:16:17.977134
343,2,Drew Pomeranz;Stu Pomeranz,https://www.baseball-almanac.com/family/fam1.shtml,2025-06-22T10:16:17.994160
344,2,Dykes Potter;Squire Potter,https://www.baseball-almanac.com/family/fam1.shtml,2025-06-22T10:16:18.013357
345,2,Robb Quinlan;Tom Quinlan,https://www.baseball-almanac.com/family/fam1.shtml,2025-06-22T10:16:18.033192
346,2,Dave Rajsich;Gary Rajsich,https://www.baseball-almanac.com/family/fam1.shtml,2025-06-22T10:16:18.052405
347,2,Henry Ramos;Heliot Ramos,https://www.baseball-almanac.com/family/fam1.shtml,2025-06-22T10:16:18.069806
348,2,Colby Rasmus;Cory Rasmus,https://www.baseball-almanac.com/family/fam1.shtml,2025-06-22T10:16:18.087299
349,2,John Reccius;Phil Reccius,https://www.baseball-almanac.com/family/fam1.shtml,2025-06-22T10:16:18.104586
350,2,Prentice Redman;Tike Redman,https://www.baseball-almanac.com/family/fam1.shtml,2025-06-22T10:16:18.122351
351,2,Paul Reuschel;Rick Reuschel,https://www.baseball-almanac.com/family/fam1.shtml,2025-06-22T10:16:18.141317
352,2,Harold Reynolds;Don Reynolds,https://www.baseball-almanac.com/family/fam1.shtml,2025-06-22T10:16:18.159745
353,2,Dick Ricketts;Dave Ricketts,https://www.baseball-almanac.com/family/fam1.shtml,2025-06-22T10:16:18.178028
354,2,Elmer Riddle;Johnny Riddle,https://www.baseball-almanac.com/family/fam1.shtml,2025-06-22T10:16:18.195785
355,2,"Cal Ripken, Jr.;Billy Ripken",https://www.baseball-almanac.com/family/fam1.shtml,2025-06-22T10:16:18.212484
356,2,Bruce Robinson;Dave Robinson,https://www.baseball-almanac.com/family/fam1.shtml,2025-06-22T10:16:18.228930
357,2,Fred Robinson;Wilbert Robinson,https://www.baseball-almanac.com/family/fam1.shtml,2025-06-22T10:16:18.244727
358,2,Gary Roenicke;Ron Roenicke,https://www.baseball-almanac.com/family/fam1.shtml,2025-06-22T10:16:18.260985
359,2,Oscar Roettger;Wally Roettger,https://www.baseball-almanac.com/family/fam1.shtml,2025-06-22T10:16:18.277081
360,2,Ed Rogers;Esmil Rogers,https://www.baseball-almanac.com/family/fam1.shtml,2025-06-22T10:16:18.293488
361,2,Taylor Rogers;Tyler Rogers,https://www.baseball-almanac.com/family/fam1.shtml,2025-06-22T10:16:18.310293
362,2,Andrew Romine;Austin Romine,https://www.baseball-almanac.com/family/fam1.shtml,2025-06-22T10:16:18.326431
363,2,Vicente Romo;Enrique Romo,https://www.baseball-almanac.com/family/fam1.shtml,2025-06-22T10:16:18.342557
364,2,Gene Roof;Phil Roof,https://www.baseball-almanac.com/family/fam1.shtml,2025-06-22T10:16:18.358728
365,2,Harry Rosenberg;Lou Rosenberg,https://www.baseball-almanac.com/family/fam1.shtml,2025-06-22T10:16:18.375340
366,2,Tyson Ross;Joe Ross,https://www.baseball-almanac.com/family/fam1.shtml,2025-06-22T10:16:18.391255
367,2,Braggo Roth;Frank Roth,https://www.baseball-almanac.com/family/fam1.shtml,2025-06-22T10:16:18.412543
368,2,Dave Rowe;Jack Rowe,https://www.baseball-almanac.com/family/fam1.shtml,2025-06-22T10:16:18.430469
369,2,Allan Russell;Lefty Russell,https://www.baseball-almanac.com/family/fam1.shtml,2025-06-22T10:16:18.449485
370,2,Ryder Ryan;River Ryan,https://www.baseball-almanac.com/family/fam1.shtml,2025-06-22T10:16:18.470107
371,3,Bob Sadowski;Ed Sadowski;Ted Sadowski,https://www.baseball-almanac.com/family/fam1.shtml,2025-06-22T10:16:18.495184
372,2,Bronson Sardinha;Dane Sardinha,https://www.baseball-almanac.com/family/fam1.shtml,2025-06-22T10:16:18.512018
373,2,Ed Sauer;Hank Sauer,https://www.baseball-almanac.com/family/fam1.shtml,2025-06-22T10:16:18.529479
374,2,Dave Sax;Steve Sax,https://www.baseball-almanac.com/family/fam1.shtml,2025-06-22T10:16:18.546295
375,2,Jimmie Say;Lou Say,https://www.baseball-almanac.com/family/fam1.shtml,2025-06-22T10:16:18.563702
376,2,Jay Sborz;Josh Sborz,https://www.baseball-almanac.com/family/fam1.shtml,2025-06-22T10:16:18.580321
377,2,Doc Scanlan;Frank Scanlan,https://www.baseball-almanac.com/family/fam1.shtml,2025-06-22T10:16:18.599882
378,2,Bobby Schang;Wally Schang,https://www.baseball-almanac.com/family/fam1.shtml,2025-06-22T10:16:18.617018
379,2,Art Scharein;George Scharein,https://www.baseball-almanac.com/family/fam1.shtml,2025-06-22T10:16:18.635136
380,2,Boss Schmidt;Walter Schmidt,https://www.baseball-almanac.com/family/fam1.shtml,2025-06-22T10:16:18.653886
381,2,Ham Schulte;Len Schulte,https://www.baseball-almanac.com/family/fam1.shtml,2025-06-22T10:16:18.673227
382,2,Evan Scribner;Troy Scribner,https://www.baseball-almanac.com/family/fam1.shtml,2025-06-22T10:16:18.693462
383,2,Kyle Seager;Corey Seager,https://www.baseball-almanac.com/family/fam1.shtml,2025-06-22T10:16:18.713757
384,3,Luke Sewell;Joe Sewell;Tommy Sewell,https://www.baseball-almanac.com/family/fam1.shtml,2025-06-22T10:16:18.739476
385,2,Orator Shafer;Taylor Shafer,https://www.baseball-almanac.com/family/fam1.shtml,2025-06-22T10:16:18.759611
386,2,Joe Shannon;Red Shannon,https://www.baseball-almanac.com/family/fam1.shtml,2025-06-22T10:16:18.779020
387,2,Billy Shantz;Bobby Shantz,https://www.baseball-almanac.com/family/fam1.shtml,2025-06-22T10:16:18.798566
388,2,Justus Sheffield;Jordan Sheffield,https://www.baseball-almanac.com/family/fam1.shtml,2025-06-22T10:16:18.816980
389,2,Monk Sherlock;Vince Sherlock,https://www.baseball-almanac.com/family/fam1.shtml,2025-06-22T10:16:18.835209
390,2,Larry Sherry;Norm Sherry,https://www.baseball-almanac.com/family/fam1.shtml,2025-06-22T10:16:18.853405
391,2,Dave Sisler;Dick Sisler,https://www.baseball-almanac.com/family/fam1.shtml,2025-06-22T10:16:18.875546
392,2,Donovan Solano;Jhonatan Solano,https://www.baseball-almanac.com/family/fam1.shtml,2025-06-22T10:16:18.898535
393,3,Bill Sowders;John Sowders;Len Sowders,https://www.baseball-almanac.com/family/fam1.shtml,2025-06-22T10:16:18.931169
394,2,John Stafford;General Stafford,https://www.baseball-almanac.com/family/fam1.shtml,2025-06-22T10:16:18.950064
395,2,Steve Stanicek;Pete Stanicek,https://www.baseball-almanac.com/family/fam1.shtml,2025-06-22T10:16:18.965399
396,2,Buck Stanley;Joe Stanley,https://www.baseball-almanac.com/family/fam1.shtml,2025-06-22T10:16:18.984103
397,2,Brock Stassi;Max Stassi,https://www.baseball-almanac.com/family/fam1.shtml,2025-06-22T10:16:19.000001
398,2,"Mel Stottlemyre, Jr.;Todd Stottlemyre",https://www.baseball-almanac.com/family/fam1.shtml,2025-06-22T10:16:19.016754
399,2,George Stovall;Jesse Stovall,https://www.baseball-almanac.com/family/fam1.shtml,2025-06-22T10:16:19.032335
400,2,Cole Sulser;Beau Sulser,https://www.baseball-almanac.com/family/fam1.shtml,2025-06-22T10:16:19.047764
401,2,B.J. Surhoff;Rick Surhoff,https://www.baseball-almanac.com/family/fam1.shtml,2025-06-22T10:16:19.063364
402,2,Darrell Sutherland;Gary Sutherland,https://www.baseball-almanac.com/family/fam1.shtml,2025-06-22T10:16:19.078620
403,2,Jesse Tannehill;Lee Tannehill,https://www.baseball-almanac.com/family/fam1.shtml,2025-06-22T10:16:19.094317
404,2,Patsy Tebeau;George Tebeau,https://www.baseball-almanac.com/family/fam1.shtml,2025-06-22T10:16:19.110748
405,2,Henry Thielman;Jake Thielman,https://www.baseball-almanac.com/family/fam1.shtml,2025-06-22T10:16:19.126203
406,2,J.J. Thobe;Tom Thobe,https://www.baseball-almanac.com/family/fam1.shtml,2025-06-22T10:16:19.141711
407,2,Bill Thomas;Roy Thomas,https://www.baseball-almanac.com/family/fam1.shtml,2025-06-22T10:16:19.157305
408,2,Homer Thompson;Tommy Thompson,https://www.baseball-almanac.com/family/fam1.shtml,2025-06-22T10:16:19.172766
409,2,Faye Throneberry;Marv Throneberry,https://www.baseball-almanac.com/family/fam1.shtml,2025-06-22T10:16:19.188319
410,2,Jim Tobin;Johnny Tobin,https://www.baseball-almanac.com/family/fam1.shtml,2025-06-22T10:16:19.203669
411,2,Frank Torre;Joe Torre,https://www.baseball-almanac.com/family/fam1.shtml,2025-06-22T10:16:19.219158
412,2,Bill Traffley;John Traffley,https://www.baseball-almanac.com/family/fam1.shtml,2025-06-22T10:16:19.234586
413,2,Fred Treacey;Pete Treacey,https://www.baseball-almanac.com/family/fam1.shtml,2025-06-22T10:16:19.250293
414,2,Alex Trevino;Bobby Trevino,https://www.baseball-almanac.com/family/fam1.shtml,2025-06-22T10:16:19.268219
415,2,Kyle Tucker;Preston Tucker,https://www.baseball-almanac.com/family/fam1.shtml,2025-06-22T10:16:19.283675
416,2,Babe Twombly;George Twombly,https://www.baseball-almanac.com/family/fam1.shtml,2025-06-22T10:16:19.299165
417,2,Fred Tyler;Lefty Tyler,https://www.baseball-almanac.com/family/fam1.shtml,2025-06-22T10:16:19.314575
418,2,Jim Tyrone;Wayne Tyrone,https://www.baseball-almanac.com/family/fam1.shtml,2025-06-22T10:16:19.329880
419,2,Pat Underwood;Tom Underwood,https://www.baseball-almanac.com/family/fam1.shtml,2025-06-22T10:16:19.345285
420,2,Bill Upton;Tom Upton,https://www.baseball-almanac.com/family/fam1.shtml,2025-06-22T10:16:19.360631
421,2,B.J. Upton;Justin Upton,https://www.baseball-almanac.com/family/fam1.shtml,2025-06-22T10:16:19.376597
422,2,Luis Urias;Ramon Urias,https://www.baseball-almanac.com/family/fam1.shtml,2025-06-22T10:16:19.392326
423,2,Chris Valaika;Pat Valaika,https://www.baseball-almanac.com/family/fam1.shtml,2025-06-22T10:16:19.407935
424,2,Efraín Valdez;Carlos Valdez,https://www.baseball-almanac.com/family/fam1.shtml,2025-06-22T10:16:19.423347
425,2,Jose Valentin;Javier Valentin,https://www.baseball-almanac.com/family/fam1.shtml,2025-06-22T10:16:19.438809
426,2,Chris Van Cuyk;Johnny Van Cuyk,https://www.baseball-almanac.com/family/fam1.shtml,2025-06-22T10:16:19.454571
427,2,Louie Varland;Gus Varland,https://www.baseball-almanac.com/family/fam1.shtml,2025-06-22T10:16:19.470109
428,2,Ben Wade;Jake Wade,https://www.baseball-almanac.com/family/fam1.shtml,2025-06-22T10:16:19.485523
429,2,Butts Wagner;Honus Wagner,https://www.baseball-almanac.com/family/fam1.shtml,2025-06-22T10:16:19.501250
430,2,Dixie Walker;Ernie Walker,https://www.baseball-almanac.com/family/fam1.shtml,2025-06-22T10:16:19.516600
431,2,"Dixie Walker, Jr.;Harry Walker",https://www.baseball-almanac.com/family/fam1.shtml,2025-06-22T10:16:19.531984
432,2,Gee Walker;Hub Walker,https://www.baseball-almanac.com/family/fam1.shtml,2025-06-22T10:16:19.547480
433,2,Fleet Walker;Welday Walker,https://www.baseball-almanac.com/family/fam1.shtml,2025-06-22T10:16:19.562995
434,2,Lloyd Waner;Paul Waner,https://www.baseball-almanac.com/family/fam1.shtml,2025-06-22T10:16:19.578439
435,2,Allie Watt;Frank Watt,https://www.baseball-almanac.com/family/fam1.shtml,2025-06-22T10:16:19.593798
436,2,Jered Weaver;Jeff Weaver,https://www.baseball-almanac.com/family/fam1.shtml,2025-06-22T10:16:19.609280
437,2,Rickie Week;Jemile Weeks,https://www.baseball-almanac.com/family/fam1.shtml,2025-06-22T10:16:19.624547
438,2,Jim Westlake;Wally Westlake,https://www.baseball-almanac.com/family/fam1.shtml,2025-06-22T10:16:19.639947
439,2,Gus Weyhing;John Weyhing,https://www.baseball-almanac.com/family/fam1.shtml,2025-06-22T10:16:19.655358
440,2,Mack Wheat;Zack Wheat,https://www.baseball-almanac.com/family/fam1.shtml,2025-06-22T10:16:19.674415
441,2,Deacon White;Will White,https://www.baseball-almanac.com/family/fam1.shtml,2025-06-22T10:16:19.691645
442,2,Art Whitney;Frank Whitney,https://www.baseball-almanac.com/family/fam1.shtml,2025-06-22T10:16:19.707190
443,2,Collin Wiles;Nathan Wiles,https://www.baseball-almanac.com/family/fam1.shtml,2025-06-22T10:16:19.722780
444,2,Gus Williams;Harry Williams,https://www.baseball-almanac.com/family/fam1.shtml,2025-06-22T10:16:19.738175
445,2,Hooks Wiltse;Snake Wiltse,https://www.baseball-almanac.com/family/fam1.shtml,2025-06-22T10:16:19.753377
446,2,Al Wingo;Ivey Wingo,https://www.baseball-almanac.com/family/fam1.shtml,2025-06-22T10:16:19.768683
447,2,Kean Wong;Kolten Wong,https://www.baseball-almanac.com/family/fam1.shtml,2025-06-22T10:16:19.783855
448,2,Fred Wood;Pete Wood,https://www.baseball-almanac.com/family/fam1.shtml,2025-06-22T10:16:19.799227
449,2,Todd Worrell;Tim Worrell,https://www.baseball-almanac.com/family/fam1.shtml,2025-06-22T10:16:19.820205
450,3,George Wright;Harry Wright;Sam Wright,https://www.baseball-almanac.com/family/fam1.shtml,2025-06-22T10:16:19.840780
451,2,Kirby Yates;Tyler Yates,https://www.baseball-almanac.com/family/fam1.shtml,2025-06-22T10:16:19.856892
452,2,Michael Ynoa;Huascar Ynoa,https://www.baseball-almanac.com/family/fam1.shtml,2025-06-22T10:16:19.873063
453,2,Len Yochim;Ray Yochim,https://www.baseball-almanac.com/family/fam1.shtml,2025-06-22T10:16:19.888471
454,2,Delmon Young;Dmitri Young,https://www.baseball-almanac.com/family/fam1.shtml,2025-06-22T10:16:19.904288
455,2,Larry Yount;Robin Yount,https://www.baseball-almanac.com/family/fam1.shtml,2025-06-22T10:16:19.919559
456,2,Bradley Zimmer;Kyle Zimmer,https://www.baseball-almanac.com/family/fam1.shtml,2025-06-22T10:16:19.934883
457,2,Jeff Zimmerman;Jordan Zimmerman,https://www.baseball-almanac.com/family/fam1.shtml,2025-06-22T10:16:19.963278
